-- V6: Seed data - Polish beauty market mock data
-- ================================================

-- ==================== SALONS ====================
INSERT INTO salons (id, name, slug, cancellation_window_hours, created_at, updated_at) VALUES
    ('a0000000-0000-0000-0000-000000000001', 'Glamour Studio', 'glamour-studio', 24, '2024-01-15 10:00:00+01', '2024-01-15 10:00:00+01'),
    ('a0000000-0000-0000-0000-000000000002', 'Beauty Lab Kraków', 'beauty-lab-krakow', 12, '2024-02-01 09:00:00+01', '2024-02-01 09:00:00+01'),
    ('a0000000-0000-0000-0000-000000000003', 'Salon Perła', 'salon-perla', 48, '2024-03-10 11:00:00+01', '2024-03-10 11:00:00+01');

-- ==================== USERS ====================
-- Passwords: bcrypt hash of "password123"
INSERT INTO users (id, salon_id, role, email, password_hash, created_at, updated_at) VALUES
    -- Glamour Studio
    ('b0000000-0000-0000-0000-000000000001', 'a0000000-0000-0000-0000-000000000001', 'OWNER',    'anna.kowalska@glamourstudio.pl',   '$2a$10$N9qo8uLOickgx2ZMRZoMyeIjZAgcfl7p92ldGxad68LJZdL17lhWy', '2024-01-15 10:00:00+01', '2024-01-15 10:00:00+01'),
    ('b0000000-0000-0000-0000-000000000002', 'a0000000-0000-0000-0000-000000000001', 'EMPLOYEE', 'katarzyna.nowak@glamourstudio.pl',  '$2a$10$N9qo8uLOickgx2ZMRZoMyeIjZAgcfl7p92ldGxad68LJZdL17lhWy', '2024-01-20 10:00:00+01', '2024-01-20 10:00:00+01'),
    ('b0000000-0000-0000-0000-000000000003', 'a0000000-0000-0000-0000-000000000001', 'EMPLOYEE', 'magdalena.wisz@glamourstudio.pl',   '$2a$10$N9qo8uLOickgx2ZMRZoMyeIjZAgcfl7p92ldGxad68LJZdL17lhWy', '2024-02-01 10:00:00+01', '2024-02-01 10:00:00+01'),
    ('b0000000-0000-0000-0000-000000000004', 'a0000000-0000-0000-0000-000000000001', 'MANAGER',  'ewa.zielinska@glamourstudio.pl',    '$2a$10$N9qo8uLOickgx2ZMRZoMyeIjZAgcfl7p92ldGxad68LJZdL17lhWy', '2024-02-10 10:00:00+01', '2024-02-10 10:00:00+01'),
    -- Beauty Lab Kraków
    ('b0000000-0000-0000-0000-000000000005', 'a0000000-0000-0000-0000-000000000002', 'OWNER',    'monika.dabrowska@beautylab.pl',     '$2a$10$N9qo8uLOickgx2ZMRZoMyeIjZAgcfl7p92ldGxad68LJZdL17lhWy', '2024-02-01 09:00:00+01', '2024-02-01 09:00:00+01'),
    ('b0000000-0000-0000-0000-000000000006', 'a0000000-0000-0000-0000-000000000002', 'EMPLOYEE', 'justyna.lewandowska@beautylab.pl',  '$2a$10$N9qo8uLOickgx2ZMRZoMyeIjZAgcfl7p92ldGxad68LJZdL17lhWy', '2024-02-15 09:00:00+01', '2024-02-15 09:00:00+01'),
    ('b0000000-0000-0000-0000-000000000007', 'a0000000-0000-0000-0000-000000000002', 'EMPLOYEE', 'agnieszka.kaminska@beautylab.pl',   '$2a$10$N9qo8uLOickgx2ZMRZoMyeIjZAgcfl7p92ldGxad68LJZdL17lhWy', '2024-03-01 09:00:00+01', '2024-03-01 09:00:00+01'),
    -- Salon Perła
    ('b0000000-0000-0000-0000-000000000008', 'a0000000-0000-0000-0000-000000000003', 'OWNER',    'beata.wojcik@salonperla.pl',        '$2a$10$N9qo8uLOickgx2ZMRZoMyeIjZAgcfl7p92ldGxad68LJZdL17lhWy', '2024-03-10 11:00:00+01', '2024-03-10 11:00:00+01'),
    ('b0000000-0000-0000-0000-000000000009', 'a0000000-0000-0000-0000-000000000003', 'EMPLOYEE', 'paulina.mazur@salonperla.pl',       '$2a$10$N9qo8uLOickgx2ZMRZoMyeIjZAgcfl7p92ldGxad68LJZdL17lhWy', '2024-03-15 11:00:00+01', '2024-03-15 11:00:00+01');

-- ==================== EMPLOYEES ====================
INSERT INTO employees (id, salon_id, user_id, display_name, phone, status, color, created_at, updated_at) VALUES
    -- Glamour Studio
    ('c0000000-0000-0000-0000-000000000001', 'a0000000-0000-0000-0000-000000000001', 'b0000000-0000-0000-0000-000000000001', 'Anna Kowalska',       '+48501234567', 'ACTIVE', '#E91E63', '2024-01-15 10:00:00+01', '2024-01-15 10:00:00+01'),
    ('c0000000-0000-0000-0000-000000000002', 'a0000000-0000-0000-0000-000000000001', 'b0000000-0000-0000-0000-000000000002', 'Katarzyna Nowak',     '+48502345678', 'ACTIVE', '#9C27B0', '2024-01-20 10:00:00+01', '2024-01-20 10:00:00+01'),
    ('c0000000-0000-0000-0000-000000000003', 'a0000000-0000-0000-0000-000000000001', 'b0000000-0000-0000-0000-000000000003', 'Magdalena Wiśniewska','+48503456789', 'ACTIVE', '#FF9800', '2024-02-01 10:00:00+01', '2024-02-01 10:00:00+01'),
    ('c0000000-0000-0000-0000-000000000004', 'a0000000-0000-0000-0000-000000000001', 'b0000000-0000-0000-0000-000000000004', 'Ewa Zielińska',       '+48504567890', 'ACTIVE', '#4CAF50', '2024-02-10 10:00:00+01', '2024-02-10 10:00:00+01'),
    -- Beauty Lab Kraków
    ('c0000000-0000-0000-0000-000000000005', 'a0000000-0000-0000-0000-000000000002', 'b0000000-0000-0000-0000-000000000005', 'Monika Dąbrowska',    '+48505678901', 'ACTIVE', '#2196F3', '2024-02-01 09:00:00+01', '2024-02-01 09:00:00+01'),
    ('c0000000-0000-0000-0000-000000000006', 'a0000000-0000-0000-0000-000000000002', 'b0000000-0000-0000-0000-000000000006', 'Justyna Lewandowska', '+48506789012', 'ACTIVE', '#00BCD4', '2024-02-15 09:00:00+01', '2024-02-15 09:00:00+01'),
    ('c0000000-0000-0000-0000-000000000007', 'a0000000-0000-0000-0000-000000000002', 'b0000000-0000-0000-0000-000000000007', 'Agnieszka Kamińska',  '+48507890123', 'ACTIVE', '#FF5722', '2024-03-01 09:00:00+01', '2024-03-01 09:00:00+01'),
    -- Salon Perła
    ('c0000000-0000-0000-0000-000000000008', 'a0000000-0000-0000-0000-000000000003', 'b0000000-0000-0000-0000-000000000008', 'Beata Wójcik',        '+48508901234', 'ACTIVE', '#795548', '2024-03-10 11:00:00+01', '2024-03-10 11:00:00+01'),
    ('c0000000-0000-0000-0000-000000000009', 'a0000000-0000-0000-0000-000000000003', 'b0000000-0000-0000-0000-000000000009', 'Paulina Mazur',       '+48509012345', 'ACTIVE', '#607D8B', '2024-03-15 11:00:00+01', '2024-03-15 11:00:00+01');

-- ==================== SERVICES & VARIANTS ====================

-- Glamour Studio - full service salon
INSERT INTO services (id, salon_id, name, category, created_at, updated_at) VALUES
    ('d0000000-0000-0000-0000-000000000001', 'a0000000-0000-0000-0000-000000000001', 'Strzyżenie damskie',     'Fryzjerstwo',  '2024-01-15 10:00:00+01', '2024-01-15 10:00:00+01'),
    ('d0000000-0000-0000-0000-000000000002', 'a0000000-0000-0000-0000-000000000001', 'Koloryzacja',            'Fryzjerstwo',  '2024-01-15 10:00:00+01', '2024-01-15 10:00:00+01'),
    ('d0000000-0000-0000-0000-000000000003', 'a0000000-0000-0000-0000-000000000001', 'Modelowanie',            'Fryzjerstwo',  '2024-01-15 10:00:00+01', '2024-01-15 10:00:00+01'),
    ('d0000000-0000-0000-0000-000000000004', 'a0000000-0000-0000-0000-000000000001', 'Manicure',               'Paznokcie',    '2024-01-15 10:00:00+01', '2024-01-15 10:00:00+01'),
    ('d0000000-0000-0000-0000-000000000005', 'a0000000-0000-0000-0000-000000000001', 'Pedicure',               'Paznokcie',    '2024-01-15 10:00:00+01', '2024-01-15 10:00:00+01'),
    ('d0000000-0000-0000-0000-000000000006', 'a0000000-0000-0000-0000-000000000001', 'Stylizacja brwi',        'Brwi i rzęsy', '2024-01-15 10:00:00+01', '2024-01-15 10:00:00+01'),
    ('d0000000-0000-0000-0000-000000000007', 'a0000000-0000-0000-0000-000000000001', 'Przedłużanie rzęs',      'Brwi i rzęsy', '2024-01-15 10:00:00+01', '2024-01-15 10:00:00+01');

-- Beauty Lab Kraków - specializes in nails & brows
INSERT INTO services (id, salon_id, name, category, created_at, updated_at) VALUES
    ('d0000000-0000-0000-0000-000000000008', 'a0000000-0000-0000-0000-000000000002', 'Manicure hybrydowy',     'Paznokcie',    '2024-02-01 09:00:00+01', '2024-02-01 09:00:00+01'),
    ('d0000000-0000-0000-0000-000000000009', 'a0000000-0000-0000-0000-000000000002', 'Pedicure hybrydowy',     'Paznokcie',    '2024-02-01 09:00:00+01', '2024-02-01 09:00:00+01'),
    ('d0000000-0000-0000-0000-000000000010', 'a0000000-0000-0000-0000-000000000002', 'Przedłużanie paznokci',  'Paznokcie',    '2024-02-01 09:00:00+01', '2024-02-01 09:00:00+01'),
    ('d0000000-0000-0000-0000-000000000011', 'a0000000-0000-0000-0000-000000000002', 'Laminacja brwi',         'Brwi i rzęsy', '2024-02-01 09:00:00+01', '2024-02-01 09:00:00+01'),
    ('d0000000-0000-0000-0000-000000000012', 'a0000000-0000-0000-0000-000000000002', 'Lifting rzęs',           'Brwi i rzęsy', '2024-02-01 09:00:00+01', '2024-02-01 09:00:00+01');

-- Salon Perła - hair salon
INSERT INTO services (id, salon_id, name, category, created_at, updated_at) VALUES
    ('d0000000-0000-0000-0000-000000000013', 'a0000000-0000-0000-0000-000000000003', 'Strzyżenie damskie',     'Fryzjerstwo',  '2024-03-10 11:00:00+01', '2024-03-10 11:00:00+01'),
    ('d0000000-0000-0000-0000-000000000014', 'a0000000-0000-0000-0000-000000000003', 'Strzyżenie męskie',      'Fryzjerstwo',  '2024-03-10 11:00:00+01', '2024-03-10 11:00:00+01'),
    ('d0000000-0000-0000-0000-000000000015', 'a0000000-0000-0000-0000-000000000003', 'Koloryzacja',            'Fryzjerstwo',  '2024-03-10 11:00:00+01', '2024-03-10 11:00:00+01'),
    ('d0000000-0000-0000-0000-000000000016', 'a0000000-0000-0000-0000-000000000003', 'Balayage',               'Fryzjerstwo',  '2024-03-10 11:00:00+01', '2024-03-10 11:00:00+01'),
    ('d0000000-0000-0000-0000-000000000017', 'a0000000-0000-0000-0000-000000000003', 'Keratynowe prostowanie', 'Zabiegi',      '2024-03-10 11:00:00+01', '2024-03-10 11:00:00+01');

-- Service variants with Polish market prices
INSERT INTO service_variants (id, service_id, name, duration_minutes, price, created_at, updated_at) VALUES
    -- Glamour Studio variants
    ('e0000000-0000-0000-0000-000000000001', 'd0000000-0000-0000-0000-000000000001', 'Krótkie włosy',           30,   80.00, '2024-01-15 10:00:00+01', '2024-01-15 10:00:00+01'),
    ('e0000000-0000-0000-0000-000000000002', 'd0000000-0000-0000-0000-000000000001', 'Średnie włosy',           45,  100.00, '2024-01-15 10:00:00+01', '2024-01-15 10:00:00+01'),
    ('e0000000-0000-0000-0000-000000000003', 'd0000000-0000-0000-0000-000000000001', 'Długie włosy',            60,  130.00, '2024-01-15 10:00:00+01', '2024-01-15 10:00:00+01'),
    ('e0000000-0000-0000-0000-000000000004', 'd0000000-0000-0000-0000-000000000002', 'Koloryzacja jednolita',   90,  180.00, '2024-01-15 10:00:00+01', '2024-01-15 10:00:00+01'),
    ('e0000000-0000-0000-0000-000000000005', 'd0000000-0000-0000-0000-000000000002', 'Pasemka / refleksy',     120,  250.00, '2024-01-15 10:00:00+01', '2024-01-15 10:00:00+01'),
    ('e0000000-0000-0000-0000-000000000006', 'd0000000-0000-0000-0000-000000000003', 'Modelowanie suszarką',    30,   60.00, '2024-01-15 10:00:00+01', '2024-01-15 10:00:00+01'),
    ('e0000000-0000-0000-0000-000000000007', 'd0000000-0000-0000-0000-000000000003', 'Upięcie okolicznościowe', 60,  150.00, '2024-01-15 10:00:00+01', '2024-01-15 10:00:00+01'),
    ('e0000000-0000-0000-0000-000000000008', 'd0000000-0000-0000-0000-000000000004', 'Manicure klasyczny',      45,   70.00, '2024-01-15 10:00:00+01', '2024-01-15 10:00:00+01'),
    ('e0000000-0000-0000-0000-000000000009', 'd0000000-0000-0000-0000-000000000004', 'Manicure hybrydowy',      60,  100.00, '2024-01-15 10:00:00+01', '2024-01-15 10:00:00+01'),
    ('e0000000-0000-0000-0000-000000000010', 'd0000000-0000-0000-0000-000000000005', 'Pedicure klasyczny',      60,   90.00, '2024-01-15 10:00:00+01', '2024-01-15 10:00:00+01'),
    ('e0000000-0000-0000-0000-000000000011', 'd0000000-0000-0000-0000-000000000005', 'Pedicure hybrydowy',      75,  130.00, '2024-01-15 10:00:00+01', '2024-01-15 10:00:00+01'),
    ('e0000000-0000-0000-0000-000000000012', 'd0000000-0000-0000-0000-000000000006', 'Regulacja + henna',       30,   60.00, '2024-01-15 10:00:00+01', '2024-01-15 10:00:00+01'),
    ('e0000000-0000-0000-0000-000000000013', 'd0000000-0000-0000-0000-000000000006', 'Laminacja brwi',          45,   90.00, '2024-01-15 10:00:00+01', '2024-01-15 10:00:00+01'),
    ('e0000000-0000-0000-0000-000000000014', 'd0000000-0000-0000-0000-000000000007', 'Rzęsy 1:1 klasyczne',     90,  180.00, '2024-01-15 10:00:00+01', '2024-01-15 10:00:00+01'),
    ('e0000000-0000-0000-0000-000000000015', 'd0000000-0000-0000-0000-000000000007', 'Rzęsy objętościowe 2-3D',120,  250.00, '2024-01-15 10:00:00+01', '2024-01-15 10:00:00+01'),
    -- Beauty Lab variants
    ('e0000000-0000-0000-0000-000000000016', 'd0000000-0000-0000-0000-000000000008', 'Manicure hybrydowy',      60,   90.00, '2024-02-01 09:00:00+01', '2024-02-01 09:00:00+01'),
    ('e0000000-0000-0000-0000-000000000017', 'd0000000-0000-0000-0000-000000000008', 'Manicure japoński',       45,  110.00, '2024-02-01 09:00:00+01', '2024-02-01 09:00:00+01'),
    ('e0000000-0000-0000-0000-000000000018', 'd0000000-0000-0000-0000-000000000009', 'Pedicure hybrydowy',      75,  120.00, '2024-02-01 09:00:00+01', '2024-02-01 09:00:00+01'),
    ('e0000000-0000-0000-0000-000000000019', 'd0000000-0000-0000-0000-000000000010', 'Żel na szablonie',        90,  160.00, '2024-02-01 09:00:00+01', '2024-02-01 09:00:00+01'),
    ('e0000000-0000-0000-0000-000000000020', 'd0000000-0000-0000-0000-000000000010', 'Akryl na tipsie',        105,  180.00, '2024-02-01 09:00:00+01', '2024-02-01 09:00:00+01'),
    ('e0000000-0000-0000-0000-000000000021', 'd0000000-0000-0000-0000-000000000011', 'Laminacja + henna',       45,   80.00, '2024-02-01 09:00:00+01', '2024-02-01 09:00:00+01'),
    ('e0000000-0000-0000-0000-000000000022', 'd0000000-0000-0000-0000-000000000012', 'Lifting + botox rzęs',    60,  120.00, '2024-02-01 09:00:00+01', '2024-02-01 09:00:00+01'),
    -- Salon Perła variants
    ('e0000000-0000-0000-0000-000000000023', 'd0000000-0000-0000-0000-000000000013', 'Strzyżenie + modelowanie',60,  120.00, '2024-03-10 11:00:00+01', '2024-03-10 11:00:00+01'),
    ('e0000000-0000-0000-0000-000000000024', 'd0000000-0000-0000-0000-000000000013', 'Tylko końcówki',          30,   70.00, '2024-03-10 11:00:00+01', '2024-03-10 11:00:00+01'),
    ('e0000000-0000-0000-0000-000000000025', 'd0000000-0000-0000-0000-000000000014', 'Strzyżenie męskie',       30,   50.00, '2024-03-10 11:00:00+01', '2024-03-10 11:00:00+01'),
    ('e0000000-0000-0000-0000-000000000026', 'd0000000-0000-0000-0000-000000000014', 'Strzyżenie + broda',      45,   70.00, '2024-03-10 11:00:00+01', '2024-03-10 11:00:00+01'),
    ('e0000000-0000-0000-0000-000000000027', 'd0000000-0000-0000-0000-000000000015', 'Koloryzacja całość',      90,  200.00, '2024-03-10 11:00:00+01', '2024-03-10 11:00:00+01'),
    ('e0000000-0000-0000-0000-000000000028', 'd0000000-0000-0000-0000-000000000015', 'Odrost',                  60,  140.00, '2024-03-10 11:00:00+01', '2024-03-10 11:00:00+01'),
    ('e0000000-0000-0000-0000-000000000029', 'd0000000-0000-0000-0000-000000000016', 'Balayage klasyczny',     150,  350.00, '2024-03-10 11:00:00+01', '2024-03-10 11:00:00+01'),
    ('e0000000-0000-0000-0000-000000000030', 'd0000000-0000-0000-0000-000000000016', 'Balayage + toner',       180,  420.00, '2024-03-10 11:00:00+01', '2024-03-10 11:00:00+01'),
    ('e0000000-0000-0000-0000-000000000031', 'd0000000-0000-0000-0000-000000000017', 'Keratyna - włosy krótkie', 90, 300.00, '2024-03-10 11:00:00+01', '2024-03-10 11:00:00+01'),
    ('e0000000-0000-0000-0000-000000000032', 'd0000000-0000-0000-0000-000000000017', 'Keratyna - włosy długie',120,  450.00, '2024-03-10 11:00:00+01', '2024-03-10 11:00:00+01');

-- ==================== EMPLOYEE-SERVICE MAPPING ====================
INSERT INTO employee_services (employee_id, service_id) VALUES
    -- Anna Kowalska (owner) - hair services
    ('c0000000-0000-0000-0000-000000000001', 'd0000000-0000-0000-0000-000000000001'),
    ('c0000000-0000-0000-0000-000000000001', 'd0000000-0000-0000-0000-000000000002'),
    ('c0000000-0000-0000-0000-000000000001', 'd0000000-0000-0000-0000-000000000003'),
    -- Katarzyna Nowak - nails
    ('c0000000-0000-0000-0000-000000000002', 'd0000000-0000-0000-0000-000000000004'),
    ('c0000000-0000-0000-0000-000000000002', 'd0000000-0000-0000-0000-000000000005'),
    -- Magdalena Wiśniewska - brows & lashes
    ('c0000000-0000-0000-0000-000000000003', 'd0000000-0000-0000-0000-000000000006'),
    ('c0000000-0000-0000-0000-000000000003', 'd0000000-0000-0000-0000-000000000007'),
    -- Ewa Zielińska - hair + brows
    ('c0000000-0000-0000-0000-000000000004', 'd0000000-0000-0000-0000-000000000001'),
    ('c0000000-0000-0000-0000-000000000004', 'd0000000-0000-0000-0000-000000000002'),
    ('c0000000-0000-0000-0000-000000000004', 'd0000000-0000-0000-0000-000000000006'),
    -- Beauty Lab employees
    ('c0000000-0000-0000-0000-000000000005', 'd0000000-0000-0000-0000-000000000008'),
    ('c0000000-0000-0000-0000-000000000005', 'd0000000-0000-0000-0000-000000000011'),
    ('c0000000-0000-0000-0000-000000000006', 'd0000000-0000-0000-0000-000000000008'),
    ('c0000000-0000-0000-0000-000000000006', 'd0000000-0000-0000-0000-000000000009'),
    ('c0000000-0000-0000-0000-000000000006', 'd0000000-0000-0000-0000-000000000010'),
    ('c0000000-0000-0000-0000-000000000007', 'd0000000-0000-0000-0000-000000000011'),
    ('c0000000-0000-0000-0000-000000000007', 'd0000000-0000-0000-0000-000000000012'),
    -- Salon Perła employees
    ('c0000000-0000-0000-0000-000000000008', 'd0000000-0000-0000-0000-000000000013'),
    ('c0000000-0000-0000-0000-000000000008', 'd0000000-0000-0000-0000-000000000015'),
    ('c0000000-0000-0000-0000-000000000008', 'd0000000-0000-0000-0000-000000000016'),
    ('c0000000-0000-0000-0000-000000000008', 'd0000000-0000-0000-0000-000000000017'),
    ('c0000000-0000-0000-0000-000000000009', 'd0000000-0000-0000-0000-000000000013'),
    ('c0000000-0000-0000-0000-000000000009', 'd0000000-0000-0000-0000-000000000014'),
    ('c0000000-0000-0000-0000-000000000009', 'd0000000-0000-0000-0000-000000000015');

-- ==================== WEEKLY SCHEDULES ====================
-- Glamour Studio: Mon-Fri 9:00-18:00, Sat 9:00-14:00
INSERT INTO weekly_schedules (id, employee_id, salon_id, day_of_week, start_time, end_time, is_working_day) VALUES
    -- Anna Kowalska
    (gen_random_uuid(), 'c0000000-0000-0000-0000-000000000001', 'a0000000-0000-0000-0000-000000000001', 'MONDAY',    '09:00', '18:00', true),
    (gen_random_uuid(), 'c0000000-0000-0000-0000-000000000001', 'a0000000-0000-0000-0000-000000000001', 'TUESDAY',   '09:00', '18:00', true),
    (gen_random_uuid(), 'c0000000-0000-0000-0000-000000000001', 'a0000000-0000-0000-0000-000000000001', 'WEDNESDAY', '09:00', '18:00', true),
    (gen_random_uuid(), 'c0000000-0000-0000-0000-000000000001', 'a0000000-0000-0000-0000-000000000001', 'THURSDAY',  '09:00', '18:00', true),
    (gen_random_uuid(), 'c0000000-0000-0000-0000-000000000001', 'a0000000-0000-0000-0000-000000000001', 'FRIDAY',    '09:00', '18:00', true),
    (gen_random_uuid(), 'c0000000-0000-0000-0000-000000000001', 'a0000000-0000-0000-0000-000000000001', 'SATURDAY',  '09:00', '14:00', true),
    (gen_random_uuid(), 'c0000000-0000-0000-0000-000000000001', 'a0000000-0000-0000-0000-000000000001', 'SUNDAY',    '00:00', '00:00', false),
    -- Katarzyna Nowak
    (gen_random_uuid(), 'c0000000-0000-0000-0000-000000000002', 'a0000000-0000-0000-0000-000000000001', 'MONDAY',    '10:00', '19:00', true),
    (gen_random_uuid(), 'c0000000-0000-0000-0000-000000000002', 'a0000000-0000-0000-0000-000000000001', 'TUESDAY',   '10:00', '19:00', true),
    (gen_random_uuid(), 'c0000000-0000-0000-0000-000000000002', 'a0000000-0000-0000-0000-000000000001', 'WEDNESDAY', '10:00', '19:00', true),
    (gen_random_uuid(), 'c0000000-0000-0000-0000-000000000002', 'a0000000-0000-0000-0000-000000000001', 'THURSDAY',  '10:00', '19:00', true),
    (gen_random_uuid(), 'c0000000-0000-0000-0000-000000000002', 'a0000000-0000-0000-0000-000000000001', 'FRIDAY',    '10:00', '19:00', true),
    (gen_random_uuid(), 'c0000000-0000-0000-0000-000000000002', 'a0000000-0000-0000-0000-000000000001', 'SATURDAY',  '10:00', '15:00', true),
    (gen_random_uuid(), 'c0000000-0000-0000-0000-000000000002', 'a0000000-0000-0000-0000-000000000001', 'SUNDAY',    '00:00', '00:00', false),
    -- Magdalena Wiśniewska (Tue-Sat)
    (gen_random_uuid(), 'c0000000-0000-0000-0000-000000000003', 'a0000000-0000-0000-0000-000000000001', 'MONDAY',    '00:00', '00:00', false),
    (gen_random_uuid(), 'c0000000-0000-0000-0000-000000000003', 'a0000000-0000-0000-0000-000000000001', 'TUESDAY',   '09:00', '17:00', true),
    (gen_random_uuid(), 'c0000000-0000-0000-0000-000000000003', 'a0000000-0000-0000-0000-000000000001', 'WEDNESDAY', '09:00', '17:00', true),
    (gen_random_uuid(), 'c0000000-0000-0000-0000-000000000003', 'a0000000-0000-0000-0000-000000000001', 'THURSDAY',  '09:00', '17:00', true),
    (gen_random_uuid(), 'c0000000-0000-0000-0000-000000000003', 'a0000000-0000-0000-0000-000000000001', 'FRIDAY',    '09:00', '17:00', true),
    (gen_random_uuid(), 'c0000000-0000-0000-0000-000000000003', 'a0000000-0000-0000-0000-000000000001', 'SATURDAY',  '09:00', '14:00', true),
    (gen_random_uuid(), 'c0000000-0000-0000-0000-000000000003', 'a0000000-0000-0000-0000-000000000001', 'SUNDAY',    '00:00', '00:00', false),
    -- Ewa Zielińska
    (gen_random_uuid(), 'c0000000-0000-0000-0000-000000000004', 'a0000000-0000-0000-0000-000000000001', 'MONDAY',    '08:00', '16:00', true),
    (gen_random_uuid(), 'c0000000-0000-0000-0000-000000000004', 'a0000000-0000-0000-0000-000000000001', 'TUESDAY',   '08:00', '16:00', true),
    (gen_random_uuid(), 'c0000000-0000-0000-0000-000000000004', 'a0000000-0000-0000-0000-000000000001', 'WEDNESDAY', '08:00', '16:00', true),
    (gen_random_uuid(), 'c0000000-0000-0000-0000-000000000004', 'a0000000-0000-0000-0000-000000000001', 'THURSDAY',  '08:00', '16:00', true),
    (gen_random_uuid(), 'c0000000-0000-0000-0000-000000000004', 'a0000000-0000-0000-0000-000000000001', 'FRIDAY',    '08:00', '16:00', true),
    (gen_random_uuid(), 'c0000000-0000-0000-0000-000000000004', 'a0000000-0000-0000-0000-000000000001', 'SATURDAY',  '00:00', '00:00', false),
    (gen_random_uuid(), 'c0000000-0000-0000-0000-000000000004', 'a0000000-0000-0000-0000-000000000001', 'SUNDAY',    '00:00', '00:00', false),

    -- Beauty Lab: Mon-Fri 10:00-19:00, Sat 10:00-15:00
    -- Monika Dąbrowska
    (gen_random_uuid(), 'c0000000-0000-0000-0000-000000000005', 'a0000000-0000-0000-0000-000000000002', 'MONDAY',    '10:00', '19:00', true),
    (gen_random_uuid(), 'c0000000-0000-0000-0000-000000000005', 'a0000000-0000-0000-0000-000000000002', 'TUESDAY',   '10:00', '19:00', true),
    (gen_random_uuid(), 'c0000000-0000-0000-0000-000000000005', 'a0000000-0000-0000-0000-000000000002', 'WEDNESDAY', '10:00', '19:00', true),
    (gen_random_uuid(), 'c0000000-0000-0000-0000-000000000005', 'a0000000-0000-0000-0000-000000000002', 'THURSDAY',  '10:00', '19:00', true),
    (gen_random_uuid(), 'c0000000-0000-0000-0000-000000000005', 'a0000000-0000-0000-0000-000000000002', 'FRIDAY',    '10:00', '19:00', true),
    (gen_random_uuid(), 'c0000000-0000-0000-0000-000000000005', 'a0000000-0000-0000-0000-000000000002', 'SATURDAY',  '10:00', '15:00', true),
    (gen_random_uuid(), 'c0000000-0000-0000-0000-000000000005', 'a0000000-0000-0000-0000-000000000002', 'SUNDAY',    '00:00', '00:00', false),
    -- Justyna Lewandowska
    (gen_random_uuid(), 'c0000000-0000-0000-0000-000000000006', 'a0000000-0000-0000-0000-000000000002', 'MONDAY',    '10:00', '19:00', true),
    (gen_random_uuid(), 'c0000000-0000-0000-0000-000000000006', 'a0000000-0000-0000-0000-000000000002', 'TUESDAY',   '10:00', '19:00', true),
    (gen_random_uuid(), 'c0000000-0000-0000-0000-000000000006', 'a0000000-0000-0000-0000-000000000002', 'WEDNESDAY', '10:00', '19:00', true),
    (gen_random_uuid(), 'c0000000-0000-0000-0000-000000000006', 'a0000000-0000-0000-0000-000000000002', 'THURSDAY',  '10:00', '19:00', true),
    (gen_random_uuid(), 'c0000000-0000-0000-0000-000000000006', 'a0000000-0000-0000-0000-000000000002', 'FRIDAY',    '10:00', '19:00', true),
    (gen_random_uuid(), 'c0000000-0000-0000-0000-000000000006', 'a0000000-0000-0000-0000-000000000002', 'SATURDAY',  '00:00', '00:00', false),
    (gen_random_uuid(), 'c0000000-0000-0000-0000-000000000006', 'a0000000-0000-0000-0000-000000000002', 'SUNDAY',    '00:00', '00:00', false),
    -- Agnieszka Kamińska (Wed-Sun)
    (gen_random_uuid(), 'c0000000-0000-0000-0000-000000000007', 'a0000000-0000-0000-0000-000000000002', 'MONDAY',    '00:00', '00:00', false),
    (gen_random_uuid(), 'c0000000-0000-0000-0000-000000000007', 'a0000000-0000-0000-0000-000000000002', 'TUESDAY',   '00:00', '00:00', false),
    (gen_random_uuid(), 'c0000000-0000-0000-0000-000000000007', 'a0000000-0000-0000-0000-000000000002', 'WEDNESDAY', '11:00', '19:00', true),
    (gen_random_uuid(), 'c0000000-0000-0000-0000-000000000007', 'a0000000-0000-0000-0000-000000000002', 'THURSDAY',  '11:00', '19:00', true),
    (gen_random_uuid(), 'c0000000-0000-0000-0000-000000000007', 'a0000000-0000-0000-0000-000000000002', 'FRIDAY',    '11:00', '19:00', true),
    (gen_random_uuid(), 'c0000000-0000-0000-0000-000000000007', 'a0000000-0000-0000-0000-000000000002', 'SATURDAY',  '10:00', '16:00', true),
    (gen_random_uuid(), 'c0000000-0000-0000-0000-000000000007', 'a0000000-0000-0000-0000-000000000002', 'SUNDAY',    '00:00', '00:00', false),

    -- Salon Perła: Mon-Fri 8:00-17:00, Sat 9:00-14:00
    -- Beata Wójcik
    (gen_random_uuid(), 'c0000000-0000-0000-0000-000000000008', 'a0000000-0000-0000-0000-000000000003', 'MONDAY',    '08:00', '17:00', true),
    (gen_random_uuid(), 'c0000000-0000-0000-0000-000000000008', 'a0000000-0000-0000-0000-000000000003', 'TUESDAY',   '08:00', '17:00', true),
    (gen_random_uuid(), 'c0000000-0000-0000-0000-000000000008', 'a0000000-0000-0000-0000-000000000003', 'WEDNESDAY', '08:00', '17:00', true),
    (gen_random_uuid(), 'c0000000-0000-0000-0000-000000000008', 'a0000000-0000-0000-0000-000000000003', 'THURSDAY',  '08:00', '17:00', true),
    (gen_random_uuid(), 'c0000000-0000-0000-0000-000000000008', 'a0000000-0000-0000-0000-000000000003', 'FRIDAY',    '08:00', '17:00', true),
    (gen_random_uuid(), 'c0000000-0000-0000-0000-000000000008', 'a0000000-0000-0000-0000-000000000003', 'SATURDAY',  '09:00', '14:00', true),
    (gen_random_uuid(), 'c0000000-0000-0000-0000-000000000008', 'a0000000-0000-0000-0000-000000000003', 'SUNDAY',    '00:00', '00:00', false),
    -- Paulina Mazur
    (gen_random_uuid(), 'c0000000-0000-0000-0000-000000000009', 'a0000000-0000-0000-0000-000000000003', 'MONDAY',    '09:00', '18:00', true),
    (gen_random_uuid(), 'c0000000-0000-0000-0000-000000000009', 'a0000000-0000-0000-0000-000000000003', 'TUESDAY',   '09:00', '18:00', true),
    (gen_random_uuid(), 'c0000000-0000-0000-0000-000000000009', 'a0000000-0000-0000-0000-000000000003', 'WEDNESDAY', '09:00', '18:00', true),
    (gen_random_uuid(), 'c0000000-0000-0000-0000-000000000009', 'a0000000-0000-0000-0000-000000000003', 'THURSDAY',  '09:00', '18:00', true),
    (gen_random_uuid(), 'c0000000-0000-0000-0000-000000000009', 'a0000000-0000-0000-0000-000000000003', 'FRIDAY',    '09:00', '18:00', true),
    (gen_random_uuid(), 'c0000000-0000-0000-0000-000000000009', 'a0000000-0000-0000-0000-000000000003', 'SATURDAY',  '09:00', '14:00', true),
    (gen_random_uuid(), 'c0000000-0000-0000-0000-000000000009', 'a0000000-0000-0000-0000-000000000003', 'SUNDAY',    '00:00', '00:00', false);

-- ==================== SCHEDULE EXCEPTIONS ====================
INSERT INTO schedule_exceptions (id, employee_id, salon_id, start_at, end_at, reason, type, created_at, updated_at) VALUES
    -- Anna - urlop zimowy
    (gen_random_uuid(), 'c0000000-0000-0000-0000-000000000001', 'a0000000-0000-0000-0000-000000000001',
     '2026-03-02 00:00:00+01', '2026-03-06 23:59:59+01', 'Urlop wypoczynkowy', 'VACATION', now(), now()),
    -- Katarzyna - zwolnienie lekarskie
    (gen_random_uuid(), 'c0000000-0000-0000-0000-000000000002', 'a0000000-0000-0000-0000-000000000001',
     '2026-02-24 00:00:00+01', '2026-02-25 23:59:59+01', 'Zwolnienie lekarskie', 'SICK_LEAVE', now(), now()),
    -- Beata - szkolenie
    (gen_random_uuid(), 'c0000000-0000-0000-0000-000000000008', 'a0000000-0000-0000-0000-000000000003',
     '2026-03-10 08:00:00+01', '2026-03-10 17:00:00+01', 'Szkolenie koloryzacja', 'BLOCKED', now(), now());

-- ==================== CLIENTS ====================
INSERT INTO clients (id, salon_id, first_name, last_name, phone, email, birth_date, status, source, notes, total_visits, total_spent, last_visit_at, created_at, updated_at) VALUES
    -- Glamour Studio clients
    ('f0000000-0000-0000-0000-000000000001', 'a0000000-0000-0000-0000-000000000001', 'Zofia',     'Wiśniewska',  '+48600111222', 'zofia.wisniewska@gmail.com',     '1990-05-15', 'ACTIVE', 'MARKETPLACE', 'Stała klientka, preferuje naturalne kolory',              12, 1560.00, '2026-02-18 14:00:00+01', '2024-03-01 10:00:00+01', '2026-02-18 14:00:00+01'),
    ('f0000000-0000-0000-0000-000000000002', 'a0000000-0000-0000-0000-000000000001', 'Maria',     'Kamińska',    '+48601222333', 'maria.kaminska@wp.pl',           '1985-11-20', 'ACTIVE', 'DIRECT',      'Alergia na niektóre lakiery - sprawdzać skład',          8,   980.00, '2026-02-15 11:00:00+01', '2024-04-15 10:00:00+01', '2026-02-15 11:00:00+01'),
    ('f0000000-0000-0000-0000-000000000003', 'a0000000-0000-0000-0000-000000000001', 'Aleksandra','Lewandowska', '+48602333444', 'ola.lewandowska@onet.pl',        '1995-03-08', 'ACTIVE', 'MARKETPLACE', NULL,                                                      5,   650.00, '2026-02-10 16:00:00+01', '2024-06-01 10:00:00+01', '2026-02-10 16:00:00+01'),
    ('f0000000-0000-0000-0000-000000000004', 'a0000000-0000-0000-0000-000000000001', 'Natalia',   'Zielińska',   '+48603444555', 'natalia.zielinska@gmail.com',    '1988-08-25', 'ACTIVE', 'DIRECT',      'VIP - zawsze kawa i ciastko',                             20, 3200.00, '2026-02-20 10:00:00+01', '2024-02-01 10:00:00+01', '2026-02-20 10:00:00+01'),
    ('f0000000-0000-0000-0000-000000000005', 'a0000000-0000-0000-0000-000000000001', 'Weronika',  'Szymańska',   '+48604555666', NULL,                             '2000-01-12', 'ACTIVE', 'MARKETPLACE', NULL,                                                      2,   200.00, '2026-01-20 13:00:00+01', '2025-12-01 10:00:00+01', '2026-01-20 13:00:00+01'),
    ('f0000000-0000-0000-0000-000000000006', 'a0000000-0000-0000-0000-000000000001', 'Patrycja',  'Jankowska',   '+48605666777', 'patrycja.j@gmail.com',           '1992-07-03', 'BLOCKED','DIRECT',      'Blokada - wielokrotne nieodbieranie wizyt',               3,   270.00, '2025-10-05 09:00:00+01', '2025-05-01 10:00:00+01', '2025-10-05 09:00:00+01'),
    -- Beauty Lab clients
    ('f0000000-0000-0000-0000-000000000007', 'a0000000-0000-0000-0000-000000000002', 'Karolina',  'Piotrowska',  '+48606777888', 'karolina.p@gmail.com',           '1993-09-18', 'ACTIVE', 'DIRECT',      'Zawsze manicure hybrydowy - kolor nude',                  15, 1350.00, '2026-02-19 12:00:00+01', '2024-04-01 09:00:00+01', '2026-02-19 12:00:00+01'),
    ('f0000000-0000-0000-0000-000000000008', 'a0000000-0000-0000-0000-000000000002', 'Dorota',    'Grabowska',   '+48607888999', 'dorota.grabowska@interia.pl',    '1980-12-30', 'ACTIVE', 'MARKETPLACE', NULL,                                                      6,   720.00, '2026-02-12 15:00:00+01', '2024-08-01 09:00:00+01', '2026-02-12 15:00:00+01'),
    ('f0000000-0000-0000-0000-000000000009', 'a0000000-0000-0000-0000-000000000002', 'Sylwia',    'Pawlak',      '+48608999000', 'sylwia.pawlak@o2.pl',            '1997-04-22', 'ACTIVE', 'MARKETPLACE', 'Preferuje wizyty po 16:00',                               4,   480.00, '2026-02-05 17:00:00+01', '2025-06-01 09:00:00+01', '2026-02-05 17:00:00+01'),
    ('f0000000-0000-0000-0000-000000000010', 'a0000000-0000-0000-0000-000000000002', 'Izabela',   'Michalska',   '+48609000111', NULL,                             '1975-06-14', 'ACTIVE', 'DIRECT',      NULL,                                                      10, 1100.00, '2026-02-17 10:00:00+01', '2024-05-01 09:00:00+01', '2026-02-17 10:00:00+01'),
    -- Salon Perła clients
    ('f0000000-0000-0000-0000-000000000011', 'a0000000-0000-0000-0000-000000000003', 'Jolanta',   'Krawczyk',    '+48610111222', 'jolanta.krawczyk@gmail.com',     '1982-02-28', 'ACTIVE', 'DIRECT',      'Koloryzacja co 6 tyg. - odrost + toner',                 18, 3600.00, '2026-02-14 09:00:00+01', '2024-04-01 11:00:00+01', '2026-02-14 09:00:00+01'),
    ('f0000000-0000-0000-0000-000000000012', 'a0000000-0000-0000-0000-000000000003', 'Renata',    'Olszewska',   '+48611222333', 'renata.o@wp.pl',                 '1978-10-05', 'ACTIVE', 'MARKETPLACE', NULL,                                                      7,   980.00, '2026-02-07 11:00:00+01', '2024-09-01 11:00:00+01', '2026-02-07 11:00:00+01'),
    ('f0000000-0000-0000-0000-000000000013', 'a0000000-0000-0000-0000-000000000003', 'Tomasz',    'Wróblewski',  '+48612333444', 'tomasz.wroblewski@gmail.com',    '1991-07-19', 'ACTIVE', 'DIRECT',      'Strzyżenie co 4 tyg.',                                    9,   450.00, '2026-02-08 10:00:00+01', '2024-07-01 11:00:00+01', '2026-02-08 10:00:00+01'),
    ('f0000000-0000-0000-0000-000000000014', 'a0000000-0000-0000-0000-000000000003', 'Agata',     'Nowicka',     '+48613444555', 'agata.nowicka@onet.pl',          '1999-12-01', 'ACTIVE', 'MARKETPLACE', 'Zainteresowana balayage',                                 3,   360.00, '2026-01-30 14:00:00+01', '2025-10-01 11:00:00+01', '2026-01-30 14:00:00+01'),
    ('f0000000-0000-0000-0000-000000000015', 'a0000000-0000-0000-0000-000000000003', 'Małgorzata','Stępień',     '+48614555666', NULL,                             '1970-03-15', 'ACTIVE', 'DIRECT',      'Stała klientka od lat - keratyna co 3 miesiące',         25, 8500.00, '2026-02-21 09:00:00+01', '2024-03-15 11:00:00+01', '2026-02-21 09:00:00+01');

-- ==================== APPOINTMENTS ====================
-- Mix of past (completed/cancelled/no-show) and upcoming (scheduled/confirmed)
INSERT INTO appointments (id, salon_id, client_id, employee_id, variant_id, start_at, end_at, status, final_price, commission_value, source, notes, cancellation_reason, created_at, updated_at) VALUES
    -- Past - COMPLETED
    ('10000000-0000-0000-0000-000000000001', 'a0000000-0000-0000-0000-000000000001', 'f0000000-0000-0000-0000-000000000001', 'c0000000-0000-0000-0000-000000000001', 'e0000000-0000-0000-0000-000000000002',
     '2026-02-18 14:00:00+01', '2026-02-18 14:45:00+01', 'COMPLETED', 100.00, 15.00, 'MARKETPLACE', NULL, NULL, '2026-02-15 10:00:00+01', '2026-02-18 14:45:00+01'),

    ('10000000-0000-0000-0000-000000000002', 'a0000000-0000-0000-0000-000000000001', 'f0000000-0000-0000-0000-000000000002', 'c0000000-0000-0000-0000-000000000002', 'e0000000-0000-0000-0000-000000000009',
     '2026-02-15 11:00:00+01', '2026-02-15 12:00:00+01', 'COMPLETED', 100.00, NULL, 'DIRECT', 'Klientka przyniosła własny kolor', NULL, '2026-02-10 09:00:00+01', '2026-02-15 12:00:00+01'),

    ('10000000-0000-0000-0000-000000000003', 'a0000000-0000-0000-0000-000000000001', 'f0000000-0000-0000-0000-000000000004', 'c0000000-0000-0000-0000-000000000001', 'e0000000-0000-0000-0000-000000000005',
     '2026-02-20 10:00:00+01', '2026-02-20 12:00:00+01', 'COMPLETED', 250.00, NULL, 'DIRECT', 'Pasemka platynowe', NULL, '2026-02-14 11:00:00+01', '2026-02-20 12:00:00+01'),

    ('10000000-0000-0000-0000-000000000004', 'a0000000-0000-0000-0000-000000000001', 'f0000000-0000-0000-0000-000000000004', 'c0000000-0000-0000-0000-000000000003', 'e0000000-0000-0000-0000-000000000012',
     '2026-02-20 13:00:00+01', '2026-02-20 13:30:00+01', 'COMPLETED', 60.00, NULL, 'DIRECT', NULL, NULL, '2026-02-18 10:00:00+01', '2026-02-20 13:30:00+01'),

    ('10000000-0000-0000-0000-000000000005', 'a0000000-0000-0000-0000-000000000002', 'f0000000-0000-0000-0000-000000000007', 'c0000000-0000-0000-0000-000000000006', 'e0000000-0000-0000-0000-000000000016',
     '2026-02-19 12:00:00+01', '2026-02-19 13:00:00+01', 'COMPLETED', 90.00, 13.50, 'DIRECT', NULL, NULL, '2026-02-17 10:00:00+01', '2026-02-19 13:00:00+01'),

    ('10000000-0000-0000-0000-000000000006', 'a0000000-0000-0000-0000-000000000002', 'f0000000-0000-0000-0000-000000000010', 'c0000000-0000-0000-0000-000000000005', 'e0000000-0000-0000-0000-000000000021',
     '2026-02-17 10:00:00+01', '2026-02-17 10:45:00+01', 'COMPLETED', 80.00, NULL, 'DIRECT', NULL, NULL, '2026-02-14 09:00:00+01', '2026-02-17 10:45:00+01'),

    ('10000000-0000-0000-0000-000000000007', 'a0000000-0000-0000-0000-000000000003', 'f0000000-0000-0000-0000-000000000011', 'c0000000-0000-0000-0000-000000000008', 'e0000000-0000-0000-0000-000000000028',
     '2026-02-14 09:00:00+01', '2026-02-14 10:00:00+01', 'COMPLETED', 140.00, 21.00, 'DIRECT', 'Odrost - ciemny blond', NULL, '2026-02-10 11:00:00+01', '2026-02-14 10:00:00+01'),

    ('10000000-0000-0000-0000-000000000008', 'a0000000-0000-0000-0000-000000000003', 'f0000000-0000-0000-0000-000000000013', 'c0000000-0000-0000-0000-000000000009', 'e0000000-0000-0000-0000-000000000025',
     '2026-02-08 10:00:00+01', '2026-02-08 10:30:00+01', 'COMPLETED', 50.00, NULL, 'DIRECT', NULL, NULL, '2026-02-05 11:00:00+01', '2026-02-08 10:30:00+01'),

    ('10000000-0000-0000-0000-000000000009', 'a0000000-0000-0000-0000-000000000003', 'f0000000-0000-0000-0000-000000000015', 'c0000000-0000-0000-0000-000000000008', 'e0000000-0000-0000-0000-000000000031',
     '2026-02-21 09:00:00+01', '2026-02-21 10:30:00+01', 'COMPLETED', 300.00, NULL, 'DIRECT', 'Keratyna - zabieg kwartalny', NULL, '2026-02-17 11:00:00+01', '2026-02-21 10:30:00+01'),

    -- Past - CANCELLED
    ('10000000-0000-0000-0000-000000000010', 'a0000000-0000-0000-0000-000000000001', 'f0000000-0000-0000-0000-000000000005', 'c0000000-0000-0000-0000-000000000001', 'e0000000-0000-0000-0000-000000000002',
     '2026-02-17 09:00:00+01', '2026-02-17 09:45:00+01', 'CANCELLED', NULL, NULL, 'MARKETPLACE', NULL, 'Klientka zachorowała', '2026-02-13 10:00:00+01', '2026-02-16 18:00:00+01'),

    -- Past - NO_SHOW
    ('10000000-0000-0000-0000-000000000011', 'a0000000-0000-0000-0000-000000000001', 'f0000000-0000-0000-0000-000000000006', 'c0000000-0000-0000-0000-000000000002', 'e0000000-0000-0000-0000-000000000009',
     '2026-02-13 15:00:00+01', '2026-02-13 16:00:00+01', 'NO_SHOW', NULL, NULL, 'DIRECT', NULL, NULL, '2026-02-10 10:00:00+01', '2026-02-13 16:00:00+01'),

    -- Upcoming - SCHEDULED
    ('10000000-0000-0000-0000-000000000012', 'a0000000-0000-0000-0000-000000000001', 'f0000000-0000-0000-0000-000000000001', 'c0000000-0000-0000-0000-000000000001', 'e0000000-0000-0000-0000-000000000004',
     '2026-02-25 10:00:00+01', '2026-02-25 11:30:00+01', 'SCHEDULED', NULL, NULL, 'DIRECT', 'Koloryzacja - odcień miedziany', NULL, '2026-02-20 10:00:00+01', '2026-02-20 10:00:00+01'),

    ('10000000-0000-0000-0000-000000000013', 'a0000000-0000-0000-0000-000000000001', 'f0000000-0000-0000-0000-000000000003', 'c0000000-0000-0000-0000-000000000003', 'e0000000-0000-0000-0000-000000000015',
     '2026-02-26 09:00:00+01', '2026-02-26 11:00:00+01', 'SCHEDULED', NULL, NULL, 'MARKETPLACE', 'Rzęsy objętościowe - efekt naturalny', NULL, '2026-02-21 12:00:00+01', '2026-02-21 12:00:00+01'),

    ('10000000-0000-0000-0000-000000000014', 'a0000000-0000-0000-0000-000000000002', 'f0000000-0000-0000-0000-000000000008', 'c0000000-0000-0000-0000-000000000006', 'e0000000-0000-0000-0000-000000000019',
     '2026-02-25 14:00:00+01', '2026-02-25 15:30:00+01', 'SCHEDULED', NULL, NULL, 'MARKETPLACE', NULL, NULL, '2026-02-22 09:00:00+01', '2026-02-22 09:00:00+01'),

    ('10000000-0000-0000-0000-000000000015', 'a0000000-0000-0000-0000-000000000002', 'f0000000-0000-0000-0000-000000000009', 'c0000000-0000-0000-0000-000000000007', 'e0000000-0000-0000-0000-000000000022',
     '2026-02-27 17:00:00+01', '2026-02-27 18:00:00+01', 'SCHEDULED', NULL, NULL, 'DIRECT', NULL, NULL, '2026-02-22 10:00:00+01', '2026-02-22 10:00:00+01'),

    -- Upcoming - CONFIRMED
    ('10000000-0000-0000-0000-000000000016', 'a0000000-0000-0000-0000-000000000003', 'f0000000-0000-0000-0000-000000000014', 'c0000000-0000-0000-0000-000000000008', 'e0000000-0000-0000-0000-000000000029',
     '2026-02-26 10:00:00+01', '2026-02-26 12:30:00+01', 'CONFIRMED', NULL, NULL, 'MARKETPLACE', 'Pierwszy balayage - konsultacja przed zabiegiem', NULL, '2026-02-19 11:00:00+01', '2026-02-22 09:00:00+01'),

    ('10000000-0000-0000-0000-000000000017', 'a0000000-0000-0000-0000-000000000003', 'f0000000-0000-0000-0000-000000000012', 'c0000000-0000-0000-0000-000000000009', 'e0000000-0000-0000-0000-000000000023',
     '2026-02-25 11:00:00+01', '2026-02-25 12:00:00+01', 'CONFIRMED', NULL, NULL, 'MARKETPLACE', NULL, NULL, '2026-02-20 11:00:00+01', '2026-02-21 15:00:00+01'),

    ('10000000-0000-0000-0000-000000000018', 'a0000000-0000-0000-0000-000000000003', 'f0000000-0000-0000-0000-000000000013', 'c0000000-0000-0000-0000-000000000009', 'e0000000-0000-0000-0000-000000000026',
     '2026-03-08 10:00:00+01', '2026-03-08 10:45:00+01', 'SCHEDULED', NULL, NULL, 'DIRECT', 'Strzyżenie + broda - styl jak ostatnio', NULL, '2026-02-22 11:00:00+01', '2026-02-22 11:00:00+01');

-- ==================== SALON SUBSCRIPTIONS ====================
-- (V5 seed inserts BASIC for all salons, but those salons didn't exist then. Now we insert manually.)
INSERT INTO salon_subscriptions (id, salon_id, plan, monthly_fee, commission_rate, valid_from, status, created_at, updated_at) VALUES
    (gen_random_uuid(), 'a0000000-0000-0000-0000-000000000001', 'PREMIUM',  299.00, 0.1000, '2024-01-15', 'ACTIVE',    '2024-01-15 10:00:00+01', '2024-01-15 10:00:00+01'),
    (gen_random_uuid(), 'a0000000-0000-0000-0000-000000000002', 'STANDARD', 199.00, 0.1200, '2024-02-01', 'ACTIVE',    '2024-02-01 09:00:00+01', '2024-02-01 09:00:00+01'),
    (gen_random_uuid(), 'a0000000-0000-0000-0000-000000000003', 'BASIC',     99.00, 0.1500, '2024-03-10', 'ACTIVE',    '2024-03-10 11:00:00+01', '2024-03-10 11:00:00+01');

-- ==================== BILLING PERIOD REPORTS ====================
-- January 2026 reports (generated)
INSERT INTO billing_period_reports (id, salon_id, year, month, period_start, period_end,
    total_appointments, completed_appointments, cancelled_appointments, no_show_appointments,
    marketplace_appointments, direct_appointments, total_revenue, marketplace_revenue,
    total_commission, subscription_fee, report_status, generated_at, created_at, updated_at) VALUES
    (gen_random_uuid(), 'a0000000-0000-0000-0000-000000000001', 2026, 1, '2026-01-01', '2026-01-31',
     42, 38, 3, 1, 15, 27, 4850.00, 1800.00, 180.00, 299.00, 'INVOICED', '2026-02-01 08:00:00+01', '2026-02-01 08:00:00+01', '2026-02-05 10:00:00+01'),
    (gen_random_uuid(), 'a0000000-0000-0000-0000-000000000002', 2026, 1, '2026-01-01', '2026-01-31',
     35, 32, 2, 1, 12, 23, 3200.00, 1100.00, 132.00, 199.00, 'INVOICED', '2026-02-01 08:00:00+01', '2026-02-01 08:00:00+01', '2026-02-05 10:00:00+01'),
    (gen_random_uuid(), 'a0000000-0000-0000-0000-000000000003', 2026, 1, '2026-01-01', '2026-01-31',
     28, 25, 2, 1, 8, 20, 3800.00, 1200.00, 180.00, 99.00, 'GENERATED', '2026-02-01 08:00:00+01', '2026-02-01 08:00:00+01', '2026-02-01 08:00:00+01');

-- ==================== INVOICES ====================
INSERT INTO invoices (id, salon_id, invoice_number, type, period_start, period_end,
    issued_at, due_at, status, net_amount, vat_rate, vat_amount, gross_amount, currency, paid_at, notes, created_at, updated_at) VALUES
    -- Glamour Studio - Jan 2026 (paid)
    ('20000000-0000-0000-0000-000000000001', 'a0000000-0000-0000-0000-000000000001', 'FV/2026/02/001', 'COMBINED', '2026-01-01', '2026-01-31',
     '2026-02-05 10:00:00+01', '2026-02-19 10:00:00+01', 'PAID', 479.00, 23.00, 110.17, 589.17, 'PLN', '2026-02-12 14:00:00+01', NULL, '2026-02-05 10:00:00+01', '2026-02-12 14:00:00+01'),
    -- Beauty Lab - Jan 2026 (paid)
    ('20000000-0000-0000-0000-000000000002', 'a0000000-0000-0000-0000-000000000002', 'FV/2026/02/002', 'COMBINED', '2026-01-01', '2026-01-31',
     '2026-02-05 10:00:00+01', '2026-02-19 10:00:00+01', 'PAID', 331.00, 23.00, 76.13, 407.13, 'PLN', '2026-02-18 09:00:00+01', NULL, '2026-02-05 10:00:00+01', '2026-02-18 09:00:00+01');

-- ==================== INVOICE LINE ITEMS ====================
INSERT INTO invoice_line_items (id, invoice_id, description, quantity, unit_price, net_amount, item_type, created_at, updated_at) VALUES
    -- Glamour Studio invoice
    (gen_random_uuid(), '20000000-0000-0000-0000-000000000001', 'Abonament PREMIUM - styczeń 2026',       1.00, 299.00, 299.00, 'SUBSCRIPTION_FEE', '2026-02-05 10:00:00+01', '2026-02-05 10:00:00+01'),
    (gen_random_uuid(), '20000000-0000-0000-0000-000000000001', 'Prowizja marketplace - 15 wizyt',        15.00,  12.00, 180.00, 'COMMISSION',       '2026-02-05 10:00:00+01', '2026-02-05 10:00:00+01'),
    -- Beauty Lab invoice
    (gen_random_uuid(), '20000000-0000-0000-0000-000000000002', 'Abonament STANDARD - styczeń 2026',      1.00, 199.00, 199.00, 'SUBSCRIPTION_FEE', '2026-02-05 10:00:00+01', '2026-02-05 10:00:00+01'),
    (gen_random_uuid(), '20000000-0000-0000-0000-000000000002', 'Prowizja marketplace - 12 wizyt',        12.00,  11.00, 132.00, 'COMMISSION',       '2026-02-05 10:00:00+01', '2026-02-05 10:00:00+01');

-- ==================== GDPR CONSENTS ====================
INSERT INTO gdpr_consents (id, client_id, salon_id, consent_type, granted, granted_at, ip_address, consent_version, created_at, updated_at) VALUES
    -- Glamour Studio clients
    (gen_random_uuid(), 'f0000000-0000-0000-0000-000000000001', 'a0000000-0000-0000-0000-000000000001', 'DATA_PROCESSING',  true,  '2024-03-01 10:00:00+01', '83.21.45.120',  '1.0', '2024-03-01 10:00:00+01', '2024-03-01 10:00:00+01'),
    (gen_random_uuid(), 'f0000000-0000-0000-0000-000000000001', 'a0000000-0000-0000-0000-000000000001', 'MARKETING_SMS',    true,  '2024-03-01 10:00:00+01', '83.21.45.120',  '1.0', '2024-03-01 10:00:00+01', '2024-03-01 10:00:00+01'),
    (gen_random_uuid(), 'f0000000-0000-0000-0000-000000000001', 'a0000000-0000-0000-0000-000000000001', 'MARKETING_EMAIL',  true,  '2024-03-01 10:00:00+01', '83.21.45.120',  '1.0', '2024-03-01 10:00:00+01', '2024-03-01 10:00:00+01'),
    (gen_random_uuid(), 'f0000000-0000-0000-0000-000000000002', 'a0000000-0000-0000-0000-000000000001', 'DATA_PROCESSING',  true,  '2024-04-15 10:00:00+01', '178.43.92.55',  '1.0', '2024-04-15 10:00:00+01', '2024-04-15 10:00:00+01'),
    (gen_random_uuid(), 'f0000000-0000-0000-0000-000000000002', 'a0000000-0000-0000-0000-000000000001', 'MARKETING_SMS',    false, '2024-04-15 10:00:00+01', '178.43.92.55',  '1.0', '2024-04-15 10:00:00+01', '2024-04-15 10:00:00+01'),
    (gen_random_uuid(), 'f0000000-0000-0000-0000-000000000004', 'a0000000-0000-0000-0000-000000000001', 'DATA_PROCESSING',  true,  '2024-02-01 10:00:00+01', '91.198.77.33',  '1.0', '2024-02-01 10:00:00+01', '2024-02-01 10:00:00+01'),
    (gen_random_uuid(), 'f0000000-0000-0000-0000-000000000004', 'a0000000-0000-0000-0000-000000000001', 'MARKETING_SMS',    true,  '2024-02-01 10:00:00+01', '91.198.77.33',  '1.0', '2024-02-01 10:00:00+01', '2024-02-01 10:00:00+01'),
    (gen_random_uuid(), 'f0000000-0000-0000-0000-000000000004', 'a0000000-0000-0000-0000-000000000001', 'MARKETING_EMAIL',  true,  '2024-02-01 10:00:00+01', '91.198.77.33',  '1.0', '2024-02-01 10:00:00+01', '2024-02-01 10:00:00+01'),
    (gen_random_uuid(), 'f0000000-0000-0000-0000-000000000004', 'a0000000-0000-0000-0000-000000000001', 'PROFILING',        true,  '2024-02-01 10:00:00+01', '91.198.77.33',  '1.0', '2024-02-01 10:00:00+01', '2024-02-01 10:00:00+01'),
    -- Beauty Lab clients
    (gen_random_uuid(), 'f0000000-0000-0000-0000-000000000007', 'a0000000-0000-0000-0000-000000000002', 'DATA_PROCESSING',  true,  '2024-04-01 09:00:00+01', '212.77.100.44', '1.0', '2024-04-01 09:00:00+01', '2024-04-01 09:00:00+01'),
    (gen_random_uuid(), 'f0000000-0000-0000-0000-000000000007', 'a0000000-0000-0000-0000-000000000002', 'MARKETING_EMAIL',  true,  '2024-04-01 09:00:00+01', '212.77.100.44', '1.0', '2024-04-01 09:00:00+01', '2024-04-01 09:00:00+01'),
    (gen_random_uuid(), 'f0000000-0000-0000-0000-000000000010', 'a0000000-0000-0000-0000-000000000002', 'DATA_PROCESSING',  true,  '2024-05-01 09:00:00+01', '156.33.88.201', '1.0', '2024-05-01 09:00:00+01', '2024-05-01 09:00:00+01'),
    -- Salon Perła clients
    (gen_random_uuid(), 'f0000000-0000-0000-0000-000000000011', 'a0000000-0000-0000-0000-000000000003', 'DATA_PROCESSING',  true,  '2024-04-01 11:00:00+01', '77.255.32.18',  '1.0', '2024-04-01 11:00:00+01', '2024-04-01 11:00:00+01'),
    (gen_random_uuid(), 'f0000000-0000-0000-0000-000000000011', 'a0000000-0000-0000-0000-000000000003', 'MARKETING_SMS',    true,  '2024-04-01 11:00:00+01', '77.255.32.18',  '1.0', '2024-04-01 11:00:00+01', '2024-04-01 11:00:00+01'),
    (gen_random_uuid(), 'f0000000-0000-0000-0000-000000000015', 'a0000000-0000-0000-0000-000000000003', 'DATA_PROCESSING',  true,  '2024-03-15 11:00:00+01', '45.132.66.99',  '1.0', '2024-03-15 11:00:00+01', '2024-03-15 11:00:00+01'),
    (gen_random_uuid(), 'f0000000-0000-0000-0000-000000000015', 'a0000000-0000-0000-0000-000000000003', 'MARKETING_SMS',    true,  '2024-03-15 11:00:00+01', '45.132.66.99',  '1.0', '2024-03-15 11:00:00+01', '2024-03-15 11:00:00+01'),
    (gen_random_uuid(), 'f0000000-0000-0000-0000-000000000015', 'a0000000-0000-0000-0000-000000000003', 'MARKETING_EMAIL',  true,  '2024-03-15 11:00:00+01', '45.132.66.99',  '1.0', '2024-03-15 11:00:00+01', '2024-03-15 11:00:00+01');

-- ==================== BLACKLIST ====================
INSERT INTO blacklist_entries (id, client_id, salon_id, reason, created_by, created_at, updated_at) VALUES
    (gen_random_uuid(), 'f0000000-0000-0000-0000-000000000006', 'a0000000-0000-0000-0000-000000000001',
     'Trzykrotnie nie pojawiła się na umówionej wizycie bez uprzedzenia',
     'b0000000-0000-0000-0000-000000000001', '2025-10-10 09:00:00+01', '2025-10-10 09:00:00+01');

-- ==================== LOYALTY ====================
INSERT INTO loyalty_balances (id, client_id, salon_id, points, total_earned, total_redeemed, created_at, updated_at) VALUES
    (gen_random_uuid(), 'f0000000-0000-0000-0000-000000000001', 'a0000000-0000-0000-0000-000000000001', 120, 150, 30,  '2024-03-01 10:00:00+01', '2026-02-18 14:45:00+01'),
    (gen_random_uuid(), 'f0000000-0000-0000-0000-000000000004', 'a0000000-0000-0000-0000-000000000001', 340, 400, 60,  '2024-02-01 10:00:00+01', '2026-02-20 12:00:00+01'),
    (gen_random_uuid(), 'f0000000-0000-0000-0000-000000000002', 'a0000000-0000-0000-0000-000000000001',  75,  75,  0,  '2024-04-15 10:00:00+01', '2026-02-15 12:00:00+01'),
    (gen_random_uuid(), 'f0000000-0000-0000-0000-000000000007', 'a0000000-0000-0000-0000-000000000002', 180, 200, 20,  '2024-04-01 09:00:00+01', '2026-02-19 13:00:00+01'),
    (gen_random_uuid(), 'f0000000-0000-0000-0000-000000000010', 'a0000000-0000-0000-0000-000000000002', 100, 100,  0,  '2024-05-01 09:00:00+01', '2026-02-17 10:45:00+01'),
    (gen_random_uuid(), 'f0000000-0000-0000-0000-000000000011', 'a0000000-0000-0000-0000-000000000003', 250, 300, 50,  '2024-04-01 11:00:00+01', '2026-02-14 10:00:00+01'),
    (gen_random_uuid(), 'f0000000-0000-0000-0000-000000000015', 'a0000000-0000-0000-0000-000000000003', 500, 600, 100, '2024-03-15 11:00:00+01', '2026-02-21 10:30:00+01');

-- Sample loyalty transactions (recent)
INSERT INTO loyalty_transactions (id, client_id, salon_id, points, type, appointment_id, note, balance_after, created_at, updated_at) VALUES
    (gen_random_uuid(), 'f0000000-0000-0000-0000-000000000001', 'a0000000-0000-0000-0000-000000000001', 10, 'VISIT_REWARD',  '10000000-0000-0000-0000-000000000001', 'Wizyta 18.02 - strzyżenie', 120, '2026-02-18 14:45:00+01', '2026-02-18 14:45:00+01'),
    (gen_random_uuid(), 'f0000000-0000-0000-0000-000000000004', 'a0000000-0000-0000-0000-000000000001', 25, 'VISIT_REWARD',  '10000000-0000-0000-0000-000000000003', 'Wizyta 20.02 - pasemka',    340, '2026-02-20 12:00:00+01', '2026-02-20 12:00:00+01'),
    (gen_random_uuid(), 'f0000000-0000-0000-0000-000000000007', 'a0000000-0000-0000-0000-000000000002', 10, 'VISIT_REWARD',  '10000000-0000-0000-0000-000000000005', 'Wizyta 19.02 - manicure',   180, '2026-02-19 13:00:00+01', '2026-02-19 13:00:00+01'),
    (gen_random_uuid(), 'f0000000-0000-0000-0000-000000000011', 'a0000000-0000-0000-0000-000000000003', 15, 'VISIT_REWARD',  '10000000-0000-0000-0000-000000000007', 'Wizyta 14.02 - koloryzacja',250, '2026-02-14 10:00:00+01', '2026-02-14 10:00:00+01'),
    (gen_random_uuid(), 'f0000000-0000-0000-0000-000000000015', 'a0000000-0000-0000-0000-000000000003', 30, 'VISIT_REWARD',  '10000000-0000-0000-0000-000000000009', 'Wizyta 21.02 - keratyna',   500, '2026-02-21 10:30:00+01', '2026-02-21 10:30:00+01'),
    (gen_random_uuid(), 'f0000000-0000-0000-0000-000000000004', 'a0000000-0000-0000-0000-000000000001',-30, 'REDEMPTION',    NULL,                                   'Zniżka na strzyżenie',      315, '2026-01-15 11:00:00+01', '2026-01-15 11:00:00+01');
